run_name,experiment,architecture,lesion_loss,odin_enabled,exp1_test_skin_acc,exp1_test_skin_f1,exp1_test_lesion_acc,exp1_test_lesion_f1,exp1_test_bm_acc,exp1_test_bm_f1,exp1_test_odin_auroc,exp1_test_odin_aupr,places365_test_skin_acc,places365_test_skin_f1,places365_test_lesion_acc,places365_test_lesion_f1,places365_test_bm_acc,places365_test_bm_f1,places365_test_odin_auroc,places365_test_odin_aupr
exp1_parallel_lmf_no_odin,exp1,parallel,lmf,False,0.2156694233417511,0.179624076556655,0.07667196542024612,0.04580443809831537,0.9638331532478333,0.7147672571131969,0.0,0.0,0.9398000240325928,0.48448293638519435,0.8474000096321106,0.45869871170293386,0.24060000479221344,0.19393841689505079,0.0,0.0
exp1_parallel_lmf_with_odin,exp1,parallel,lmf,True,0.21562647819519043,0.17956369475673356,0.07531893253326416,0.02911186688582854,0.9650788307189941,0.6981340258588979,0.0026060645278447826,0.11534379061296678,0.8769999742507935,0.4672349493873202,0.6155999898910522,0.3810349096310968,0.605400025844574,0.3771022798056559,,0.0
