Run ID,Architecture,Dataset Setup,Loss Function,Augmentation,Test Skin Acc,Test Skin F1,Test Lesion Acc,Test Lesion F1,Test BM Acc,Test BM F1
exp1_parallel_lmf_no_odin_fix,shared_trunk_multi_head,exp1,"LMF (alpha=0.5, beta=0.5, gamma=2.0)",None,0.9754193655538947,0.7494718038121215,0.5676603929111141,0.2970962664103993,0.7727339288329185,0.7009946562420091
exp1_parallel_lmf_with_odin_fix,shared_trunk_multi_head,exp1,"LMF (alpha=0.5, beta=0.5, gamma=2.0)",None,0.9753363228699552,0.7482206536595565,0.5672482483857673,0.29696286589438803,0.7740518377507688,0.7041194494985671
